-----TACGIA
------KIEMTRA
USE assignment_csdl
IF OBJECT_ID('TACGIA') IS NOT NULL
DROP TABLE TACGIA
GO
CREATE TABLE TACGIA
(
MATG VARCHAR(45) NOT NULL,
TENTG NVARCHAR(45),
QUEQUAN NVARCHAR(45),
QUOCTICH NVARCHAR(45),
---KHOACHINH
 CONSTRAINT PK_TACGIA PRIMARY KEY(MATG)
)

-----THELOAI
------KIEMTRA
IF OBJECT_ID('THELOAI') IS NOT NULL
DROP TABLE THELOAI
GO
CREATE TABLE THELOAI
(
MATL VARCHAR(45) NOT NULL,
TENTL NVARCHAR(45),
---KHOACHINH
 CONSTRAINT PK_THELOAI PRIMARY KEY(MATL)
)

-----NHAXUATBAN
------KIEMTRA
IF OBJECT_ID('NHAXUATBAN') IS NOT NULL
DROP TABLE NHAXUATBAN
GO
CREATE TABLE NHAXUATBAN
(
MANXB VARCHAR(45) NOT NULL,
TENNHAXB NVARCHAR(45),
DIACHI NVARCHAR(45),
---KHOACHINH
 CONSTRAINT PK_NHAXUATBAN PRIMARY KEY(MANXB)
)

-----SACH
------KIEMTRA
IF OBJECT_ID('SACH') IS NOT NULL
DROP TABLE SACH
GO
CREATE TABLE SACH
(
MASACH VARCHAR(45) NOT NULL,
TIEUDE NVARCHAR(45),
SOTRANG INT,
SOLUONGBANSAO INT,
GIA MONEY,
NGAYNHAP DATE,
VITRIDAT NVARCHAR(45),
MANXB VARCHAR (45) NOT NULL,
MATL VARCHAR (45) NOT NULL,
---KHOACHINH
 CONSTRAINT PK_SACH PRIMARY KEY(MASACH),
 CONSTRAINT FK_SACH_NHAXUATBAN FOREIGN KEY (MANXB) REFERENCES NHAXUATBAN,
 CONSTRAINT FK_SACH_THELOAI FOREIGN KEY (MATL) REFERENCES THELOAI,
)

-----SACH_TACGIA
------KIEMTRA
IF OBJECT_ID('SACH_TACGIA') IS NOT NULL
DROP TABLE SACH_TACGIA
GO
CREATE TABLE SACH_TACGIA
(
MATG VARCHAR(45) NOT NULL,
MASACH VARCHAR(45) NOT NULL,
-----KHOANGOAI
CONSTRAINT FK_SACH_TACGIA_TACGIA FOREIGN KEY (MATG) REFERENCES TACGIA,
CONSTRAINT FK_SACH_TACGIA_SACH FOREIGN KEY (MASACH) REFERENCES SACH,
 CONSTRAINT PK_TACGIASACH PRIMARY KEY(MATG,MASACH),
)

-----NGANH
------KIEMTRA
IF OBJECT_ID('NGANH') IS NOT NULL
DROP TABLE NGANH
GO
CREATE TABLE NGANH
(
MANGANH VARCHAR(45) NOT NULL,
TENNGANH NVARCHAR(45),
MALOP NVARCHAR(45) NOT NULL,
---KHOACHINH
 CONSTRAINT PK_NGANH PRIMARY KEY(MANGANH),
)

-----LOP
------KIEMTRA
IF OBJECT_ID('LOP') IS NOT NULL
DROP TABLE LOP
GO
CREATE TABLE LOP
(
MALOP VARCHAR(45) NOT NULL,
TENLOP NVARCHAR(45),
MANGANH VARCHAR(45) NOT NULL,
---KHOACHINH
 CONSTRAINT PK_LOP PRIMARY KEY(MALOP),
 CONSTRAINT FK_LOP_NGANH FOREIGN KEY (MANGANH) REFERENCES NGANH
 )

 -----SINHVIEN
------KIEMTRA
IF OBJECT_ID('SINHVIEN') IS NOT NULL
DROP TABLE SINHVIEN
GO
CREATE TABLE SINHVIEN
(
MASV VARCHAR(45) NOT NULL,
MATHESV VARCHAR(45) NOT NULL,
TEN NVARCHAR(45),
DIACHI NVARCHAR(45),
EMAIL NVARCHAR(45),
SODT NVARCHAR(45),
MANGANH VARCHAR(45) NOT NULL,
---KHOACHINH
 CONSTRAINT PK_SINHVIEN PRIMARY KEY(MASV),
 CONSTRAINT FK_SINHVIEN_NGANH FOREIGN KEY (MANGANH) REFERENCES NGANH
)

-----PHIEUMUON
------KIEMTRA
IF OBJECT_ID('PHIEUMUON') IS NOT NULL
DROP TABLE PHIEUMUON
GO
CREATE TABLE PHIEUMUON
(
MAPM VARCHAR(45) NOT NULL,
NGAYMUON DATE,
MASV VARCHAR(45) NOT NULL,
---KHOACHINH
 CONSTRAINT PK_PHIEUMUON PRIMARY KEY(MAPM),
 CONSTRAINT FK_PHIEUMUON_SINHVIEN FOREIGN KEY (MASV) REFERENCES SINHVIEN
 )
 IF OBJECT_ID('PMCHITIET') IS NOT NULL
DROP TABLE PMCHITIET
GO
CREATE TABLE PMCHITIET
(
MAPM VARCHAR(45) NOT NULL,
MASACH VARCHAR(45) NOT NULL,
-----KHOANGOAI
CONSTRAINT FK_PMCHITIET_PHIEUMUON FOREIGN KEY (MAPM) REFERENCES PHIEUMUON,
CONSTRAINT FK_PMCHITIET_SACH FOREIGN KEY (MASACH) REFERENCES SACH,
 CONSTRAINT PK_PMCHITIET PRIMARY KEY(MAPM,MASACH)
)

----NHAP DU LIEU VAO BANG
DELETE FROM TACGIA
DELETE FROM  PMCHITIET 
DELETE FROM  SACH
DELETE FROM  NHAXUATBAN
DELETE FROM  THELOAI
DELETE FROM  SACH_TACGIA
DELETE FROM  LOP
DELETE FROM  NGANH
DELETE FROM  SINHVIEN
DELETE FROM  PHIEUMUON
----BẢNG TÁC GIẢ
INSERT INTO TACGIA (MATG,TENTG,QUEQUAN,QUOCTICH) VALUES ('TG01',N'NGUYỄN THU THẢO',N'HÀ NỘI',N'VIỆT NAM')
GO
INSERT INTO TACGIA (MATG,TENTG,QUEQUAN,QUOCTICH) VALUES ('TG02',N'TRẦN VĂN MINH',N'THÁI BÌNH',N'VIỆT NAM')
GO
INSERT INTO TACGIA (MATG,TENTG,QUEQUAN,QUOCTICH) VALUES ('TG03',N'LÊ THỊ HUYỀN',N'HÀ TÂY',N'VIỆT NAM')
GO
INSERT INTO TACGIA (MATG,TENTG,QUEQUAN,QUOCTICH) VALUES ('TG04',N'PHẠM ĐỨC TRUNG',N'SƠN LA',N'VIỆT NAM')
GO
INSERT INTO TACGIA (MATG,TENTG,QUEQUAN,QUOCTICH) VALUES ('TG05',N'PHÙNG ĐÌNH HƯNG',N'THANH HÓA',N'VIỆT NAM')
GO
INSERT INTO TACGIA (MATG,TENTG,QUEQUAN,QUOCTICH) VALUES ('TG06',N'TRẦN THỊ KIỀU',N'GIA LÂM',N'VIỆT NAM')
GO
INSERT INTO TACGIA (MATG,TENTG,QUEQUAN,QUOCTICH) VALUES ('TG07',N'PHẠM CHI MAI',N'ĐÔNG ANH',N'VIỆT NAM')
GO
INSERT INTO TACGIA (MATG,TENTG,QUEQUAN,QUOCTICH) VALUES ('TG08',N'LÊ PHƯƠNG THẢO',N'QUẢNG NINH',N'VIỆT NAM')
GO
INSERT INTO TACGIA (MATG,TENTG,QUEQUAN,QUOCTICH) VALUES ('TG09',N'PHẠM THU ANH',N'PHÚ THỌ',N'VIỆT NAM')
GO
INSERT INTO TACGIA (MATG,TENTG,QUEQUAN,QUOCTICH) VALUES ('TG10',N'LÊ THANH LIÊM',N'ĐÀ NẴNG',N'VIỆT NAM')
GO

----BẢNG THỂ LOẠI
INSERT INTO THELOAI (MATL,TENTL) VALUES ('TL01',N'CÔNG NGHỆ')
GO
INSERT INTO THELOAI (MATL,TENTL) VALUES ('TL02',N'KHOA HỌC')
GO
INSERT INTO THELOAI (MATL,TENTL) VALUES ('TL03',N'TIẾNG VIỆT')
GO
INSERT INTO THELOAI (MATL,TENTL) VALUES ('TL04',N'ANH VĂN')
GO
INSERT INTO THELOAI (MATL,TENTL) VALUES ('TL05',N'NGHIÊN CỨU')
GO
INSERT INTO THELOAI (MATL,TENTL) VALUES ('TL06',N'SINH HỌC')
GO
INSERT INTO THELOAI (MATL,TENTL) VALUES ('TL07',N'Y HỌC')
GO
INSERT INTO THELOAI (MATL,TENTL) VALUES ('TL08',N'NGÔN NGỮ')
GO
INSERT INTO THELOAI (MATL,TENTL) VALUES ('TL09',N'ÂM NHẠC')
GO
INSERT INTO THELOAI (MATL,TENTL) VALUES ('TL10',N'DIỄN XUẤT')
GO

----BẢNG NHÀ XUẤT BẢN
INSERT INTO NHAXUATBAN (MANXB,TENNHAXB,DIACHI) VALUES ('NXB01',N'NHI ĐỒNG',N'SỐ 38 NGUYỄN HOÀNG-CẦU GIẤY-HÀ NỘI')
GO
INSERT INTO NHAXUATBAN (MANXB,TENNHAXB,DIACHI) VALUES ('NXB02',N'QUỐC GIA',N'20 PHỐ LÁNG HẠ-ĐỐNG ĐA-HÀ NỘI')
GO
INSERT INTO NHAXUATBAN (MANXB,TENNHAXB,DIACHI) VALUES ('NXB03',N'ĐỒNG NAI',N'89 NGUYỄN BỈNH KHIÊM-ĐỒNG NAI')
GO
INSERT INTO NHAXUATBAN (MANXB,TENNHAXB,DIACHI) VALUES ('NXB04',N'GIÁO DỤC',N'36 TRUNG DƯƠNG-THANH HÓA')
GO
INSERT INTO NHAXUATBAN (MANXB,TENNHAXB,DIACHI) VALUES ('NXB05',N'NHÀ XB HÀ NỘI',N'NGUYỄN CHÍ THANH-HÀ NỘI')
GO
INSERT INTO NHAXUATBAN (MANXB,TENNHAXB,DIACHI) VALUES ('NXB06',N'THẾ GIỚI',N'NHẬT TÂN-TÂY HỒ-HÀ NỘI')
GO
INSERT INTO NHAXUATBAN (MANXB,TENNHAXB,DIACHI) VALUES ('NXB07',N'LAO ĐỘNG',N'NHÂN CHÍNH-THANH XUÂN-HÀ NỘI')
GO
INSERT INTO NHAXUATBAN (MANXB,TENNHAXB,DIACHI) VALUES ('NXB08',N'PHỤ NỮ',N'TRUNG HÒA-CẦU GIẤY-HÀ NỘI')
GO
INSERT INTO NHAXUATBAN (MANXB,TENNHAXB,DIACHI) VALUES ('NXB09',N'NHI ĐỒNG',N'NGÔ THÌ NHẬM-HAI BÀ TRƯNG-HÀ NỘI')
GO
INSERT INTO NHAXUATBAN (MANXB,TENNHAXB,DIACHI) VALUES ('NXB10',N'QUỐC GIA',N'MAI ĐỘNG-HOÀNG MAI-HÀ NỘI')
GO

----BẢNG SÁCH
INSERT INTO SACH (MASACH,TIEUDE,SOTRANG,SOLUONGBANSAO,GIA,NGAYNHAP,VITRIDAT,MANXB,MATL)
VALUES ('S01',N'CƠ SỞ DỮ LIỆU','230','5','55000','2018-07-27',N'KỆ 1',N'NXB01',N'TL01')
GO
INSERT INTO SACH (MASACH,TIEUDE,SOTRANG,SOLUONGBANSAO,GIA,NGAYNHAP,VITRIDAT,MANXB,MATL)
VALUES ('S02',N'KHOA HỌC VŨ TRỤ','235','6','50000','2018-08-27',N'KỆ 2',N'NXB02',N'TL02')
GO
INSERT INTO SACH (MASACH,TIEUDE,SOTRANG,SOLUONGBANSAO,GIA,NGAYNHAP,VITRIDAT,MANXB,MATL)
VALUES ('S03',N'NGỮ VĂN','240','7','60000','2018-09-27',N'KỆ 3',N'NXB03',N'TL03')
GO
INSERT INTO SACH (MASACH,TIEUDE,SOTRANG,SOLUONGBANSAO,GIA,NGAYNHAP,VITRIDAT,MANXB,MATL)
VALUES ('S04',N'ENGLISH','245','8','65000','2018-10-27',N'KỆ 4',N'NXB04',N'TL04')
GO
INSERT INTO SACH (MASACH,TIEUDE,SOTRANG,SOLUONGBANSAO,GIA,NGAYNHAP,VITRIDAT,MANXB,MATL)
VALUES ('S05',N'TÂM LÝ CON NGƯỜI','250','9','70000','2018-11-27',N'KỆ 5',N'NXB05',N'TL05')
GO
INSERT INTO SACH (MASACH,TIEUDE,SOTRANG,SOLUONGBANSAO,GIA,NGAYNHAP,VITRIDAT,MANXB,MATL)
VALUES ('S06',N'ĐỘNG VẬT','255','10','75000','2018-12-27',N'KỆ 6',N'NXB06',N'TL06')
GO
INSERT INTO SACH (MASACH,TIEUDE,SOTRANG,SOLUONGBANSAO,GIA,NGAYNHAP,VITRIDAT,MANXB,MATL)
VALUES ('S07',N'BỆNH TIM','260','11','80000','2019-01-27',N'KỆ 7',N'NXB07',N'TL07')
GO
INSERT INTO SACH (MASACH,TIEUDE,SOTRANG,SOLUONGBANSAO,GIA,NGAYNHAP,VITRIDAT,MANXB,MATL)
VALUES ('S08',N'TIẾNG HÀN','265','12','85000','2019-02-27',N'KỆ 8',N'NXB08',N'TL08')
GO
INSERT INTO SACH (MASACH,TIEUDE,SOTRANG,SOLUONGBANSAO,GIA,NGAYNHAP,VITRIDAT,MANXB,MATL)
VALUES ('S09',N'NHẠC KỊCH','270','13','90000','2019-03-27',N'KỆ 9',N'NXB09',N'TL09')
GO
INSERT INTO SACH (MASACH,TIEUDE,SOTRANG,SOLUONGBANSAO,GIA,NGAYNHAP,VITRIDAT,MANXB,MATL)
VALUES ('S10',N'KỊCH BẢN','275','15','95000','2019-04-27',N'KỆ 10',N'NXB10',N'TL10')
GO

----BẢNG SÁCH_TÁC GIẢ
INSERT INTO SACH_TACGIA (MATG,MASACH) VALUES ('TG01','S01')
GO
INSERT INTO SACH_TACGIA (MATG,MASACH) VALUES ('TG02','S02')
GO
INSERT INTO SACH_TACGIA (MATG,MASACH) VALUES ('TG03','S03')
GO
INSERT INTO SACH_TACGIA (MATG,MASACH) VALUES ('TG04','S04')
GO
INSERT INTO SACH_TACGIA (MATG,MASACH) VALUES ('TG05','S05')
GO
INSERT INTO SACH_TACGIA (MATG,MASACH) VALUES ('TG06','S06')
GO
INSERT INTO SACH_TACGIA (MATG,MASACH) VALUES ('TG07','S07')
GO
INSERT INTO SACH_TACGIA (MATG,MASACH) VALUES ('TG08','S08')
GO
INSERT INTO SACH_TACGIA (MATG,MASACH) VALUES ('TG09','S09')
GO
INSERT INTO SACH_TACGIA (MATG,MASACH) VALUES ('TG10','S10')
GO

----BẢNG NGÀNH
INSERT INTO NGANH(MANGANH,TENNGANH,MALOP) VALUES ('N01',N'LẬP TRÌNH WEB','L01')
GO
INSERT INTO NGANH(MANGANH,TENNGANH,MALOP) VALUES ('N02',N'ỨNG DỤNG MOBILE','L02')
GO
INSERT INTO NGANH(MANGANH,TENNGANH,MALOP) VALUES ('N03',N'MARKETING','L03')
GO
INSERT INTO NGANH(MANGANH,TENNGANH,MALOP) VALUES ('N04',N'KHÁCH SẠN','L04')
GO
INSERT INTO NGANH(MANGANH,TENNGANH,MALOP) VALUES ('N05',N'KẾ TOÁN','L05')
GO
INSERT INTO NGANH(MANGANH,TENNGANH,MALOP) VALUES ('N06',N'GIÁO VIÊN','L06')
GO
INSERT INTO NGANH(MANGANH,TENNGANH,MALOP) VALUES ('N07',N'NGÂN HÀNG','L07')
GO
INSERT INTO NGANH(MANGANH,TENNGANH,MALOP) VALUES ('N08',N'THƯƠNG MẠI','L08')
GO
INSERT INTO NGANH(MANGANH,TENNGANH,MALOP) VALUES ('N09',N'ÂM NHẠC','L09')
GO
INSERT INTO NGANH(MANGANH,TENNGANH,MALOP) VALUES ('N10',N'DIỄN VIÊN','L10')
GO

----BẢNG LỚP
INSERT INTO LOP(MALOP,TENLOP,MANGANH) VALUES ('L01','PT1','N01')
GO
INSERT INTO LOP(MALOP,TENLOP,MANGANH) VALUES ('L02','PT2','N02')
GO
INSERT INTO LOP(MALOP,TENLOP,MANGANH) VALUES ('L03','PT3','N03')
GO
INSERT INTO LOP(MALOP,TENLOP,MANGANH) VALUES ('L04','PT4','N04')
GO
INSERT INTO LOP(MALOP,TENLOP,MANGANH) VALUES ('L05','PT5','N05')
GO
INSERT INTO LOP(MALOP,TENLOP,MANGANH) VALUES ('L06','PT6','N06')
GO
INSERT INTO LOP(MALOP,TENLOP,MANGANH) VALUES ('L07','PT7','N07')
GO
INSERT INTO LOP(MALOP,TENLOP,MANGANH) VALUES ('L08','PT8','N08')
GO
INSERT INTO LOP(MALOP,TENLOP,MANGANH) VALUES ('L09','PT9','N09')
GO
INSERT INTO LOP(MALOP,TENLOP,MANGANH) VALUES ('L10','PT10','N10')
GO

----BẢNG SINH VIÊN
INSERT INTO SINHVIEN(MASV,MATHESV,TEN,DIACHI,EMAIL,SODT,MANGANH) 
VALUES ('PH01','SV01',N'PHAN VĂN THỰC',N'TRI TÔN-AN GIANG',N'THUCPV@GMAIL.COM','01673502523','N01')
GO
INSERT INTO SINHVIEN(MASV,MATHESV,TEN,DIACHI,EMAIL,SODT,MANGANH) 
VALUES ('PH02','SV02',N'TRẦN LỘC',N'XUYÊN MỘC-BÀ RỊA-VŨNG TÀU',N'LOC229@GMAIL.COM','01683002524','N02')
GO
INSERT INTO SINHVIEN(MASV,MATHESV,TEN,DIACHI,EMAIL,SODT,MANGANH) 
VALUES ('PH03','SV03',N'TÔ HIẾN THÀNH',N'HIỆP HÒA-BẮC GIANG',N'TOHIENTHANH@GMAIL.COM','01663508825','N03')
GO
INSERT INTO SINHVIEN(MASV,MATHESV,TEN,DIACHI,EMAIL,SODT,MANGANH) 
VALUES ('PH04','SV04',N'HÀ VĂN MẠNH',N'BẠCH THÔNG-QUẢNG NINH',N'MANHHV7790@GMAIL.COM','01699507726','N04')
GO
INSERT INTO SINHVIEN(MASV,MATHESV,TEN,DIACHI,EMAIL,SODT,MANGANH) 
VALUES ('PH05','SV05',N'NGUYỄN THÀNH LẬP',N'HỒNG DÂN-BẠC LIÊU',N'LAPNT@GMAIL.COM','0973502527','N05')
GO
INSERT INTO SINHVIEN(MASV,MATHESV,TEN,DIACHI,EMAIL,SODT,MANGANH) 
VALUES ('PH06','SV06',N'NGUYỄN CHÍ HẢI',N'GIA BÌNH-BẮC NINH',N'HAINC567@GMAIL.COM','01678902528','N06')
GO
INSERT INTO SINHVIEN(MASV,MATHESV,TEN,DIACHI,EMAIL,SODT,MANGANH) 
VALUES ('PH07','SV07',N'ĐOÀN PHƯƠNG TÙNG',N'LƯƠNG PHÚ-BẾN TRE',N'TUNGPH06790@FPT.EDU.VN','0986754890','N07')
GO
INSERT INTO SINHVIEN(MASV,MATHESV,TEN,DIACHI,EMAIL,SODT,MANGANH) 
VALUES ('PH08','SV08',N'NGUYỄN VĂN ÁI',N'PHỦ MỸ-BÌNH ĐỊNH',N'NGUYENVANAI@GMAIL.COM','01647890908','N08')
GO
INSERT INTO SINHVIEN(MASV,MATHESV,TEN,DIACHI,EMAIL,SODT,MANGANH) 
VALUES ('PH09','SV09',N'NGUYỄN THANH THỦY',N'LONG NGUYÊN-BÌNH DƯƠNG',N'THUYTT@GMAIL.COM','0889535678','N09')
GO
INSERT INTO SINHVIEN(MASV,MATHESV,TEN,DIACHI,EMAIL,SODT,MANGANH) 
VALUES ('PH10','SV10',N'TRẦN VĂN KHANH',N'ĐAN PHƯỢNG-HÀ NỘI',N'TRANVANKHANH@GMAIL.COM','0943256703','N10')
GO

----BẢNG PHIẾU MƯỢN
INSERT INTO PHIEUMUON(MAPM,NGAYMUON,MASV) VALUES ('PM01','2018-01-10','SV01')
GO
INSERT INTO PHIEUMUON(MAPM,NGAYMUON,MASV) VALUES ('PM02','2018-02-10','SV02')
GO
INSERT INTO PHIEUMUON(MAPM,NGAYMUON,MASV) VALUES ('PM03','2018-03-10','SV03')
GO
INSERT INTO PHIEUMUON(MAPM,NGAYMUON,MASV) VALUES ('PM04','2018-04-10','SV04')
GO
INSERT INTO PHIEUMUON(MAPM,NGAYMUON,MASV) VALUES ('PM05','2018-05-10','SV05')
GO
INSERT INTO PHIEUMUON(MAPM,NGAYMUON,MASV) VALUES ('PM06','2018-06-10','SV06')
GO
INSERT INTO PHIEUMUON(MAPM,NGAYMUON,MASV) VALUES ('PM07','2018-07-10','SV07')
GO
INSERT INTO PHIEUMUON(MAPM,NGAYMUON,MASV) VALUES ('PM08','2018-08-10','SV08')
GO
INSERT INTO PHIEUMUON(MAPM,NGAYMUON,MASV) VALUES ('PM09','2018-09-10','SV09')
GO
INSERT INTO PHIEUMUON(MAPM,NGAYMUON,MASV) VALUES ('PM10','2018-10-10','SV10')
GO

----BẢNG PHIẾU MƯỢN CHI TIẾT
INSERT INTO PMCHITIET(MAPM,MASACH) VALUES ('PM01','S01')
GO
INSERT INTO PMCHITIET(MAPM,MASACH) VALUES ('PM02','S02')
GO
INSERT INTO PMCHITIET(MAPM,MASACH) VALUES ('PM03','S03')
GO
INSERT INTO PMCHITIET(MAPM,MASACH) VALUES ('PM04','S04')
GO
INSERT INTO PMCHITIET(MAPM,MASACH) VALUES ('PM05','S05')
GO
INSERT INTO PMCHITIET(MAPM,MASACH) VALUES ('PM06','S06')
GO
INSERT INTO PMCHITIET(MAPM,MASACH) VALUES ('PM07','S07')
GO
INSERT INTO PMCHITIET(MAPM,MASACH) VALUES ('PM08','S08')
GO
INSERT INTO PMCHITIET(MAPM,MASACH) VALUES ('PM09','S09')
GO
INSERT INTO PMCHITIET(MAPM,MASACH) VALUES ('PM10','S10')
GO

SELECT * FROM TACGIA
SELECT * FROM THELOAI
SELECT * FROM NHAXUATBAN
SELECT * FROM SACH
SELECT * FROM SACH_TACGIA
SELECT * FROM NGANH
SELECT * FROM LOP
SELECT * FROM SINHVIEN
SELECT * FROM PHIEUMUON
SELECT * FROM PMCHITIET
